DateTime,TZ,Load
2025-02-01 00:00:00,EST,16016.4324
2025-02-01 01:00:00,EST,15612.4371
2025-02-01 02:00:00,EST,15363.218200000001
2025-02-01 03:00:00,EST,15285.471300000001
2025-02-01 04:00:00,EST,15492.2711
2025-02-01 05:00:00,EST,15921.1684
2025-02-01 06:00:00,EST,16610.4561
2025-02-01 07:00:00,EST,17365.7044
2025-02-01 08:00:00,EST,17918.5237
2025-02-01 09:00:00,EST,18060.3357
2025-02-01 10:00:00,EST,17831.7906
2025-02-01 11:00:00,EST,17512.2364
2025-02-01 12:00:00,EST,17240.445499999998
2025-02-01 13:00:00,EST,17045.1748
2025-02-01 14:00:00,EST,17160.924
2025-02-01 15:00:00,EST,17825.970699999998
2025-02-01 16:00:00,EST,19054.7431
2025-02-01 17:00:00,EST,20297.6852
2025-02-01 18:00:00,EST,20658.8828
2025-02-01 19:00:00,EST,20573.5631
2025-02-01 20:00:00,EST,20319.7164
2025-02-01 21:00:00,EST,19943.9976
2025-02-01 22:00:00,EST,19404.740599999997
2025-02-01 23:00:00,EST,18802.8784
2025-02-02 00:00:00,EST,18295.8606
2025-02-02 01:00:00,EST,17935.9841
2025-02-02 02:00:00,EST,17669.7262
2025-02-02 03:00:00,EST,17532.2614
2025-02-02 04:00:00,EST,17539.8926
2025-02-02 05:00:00,EST,17764.7214
2025-02-02 06:00:00,EST,18247.8471
2025-02-02 07:00:00,EST,18775.7036
2025-02-02 08:00:00,EST,19101.0015
2025-02-02 09:00:00,EST,19124.4358
2025-02-02 10:00:00,EST,19230.4624
2025-02-02 11:00:00,EST,19252.7744
2025-02-02 12:00:00,EST,19122.321
2025-02-02 13:00:00,EST,19360.1708
2025-02-02 14:00:00,EST,19679.1366
2025-02-02 15:00:00,EST,20144.0488
2025-02-02 16:00:00,EST,20658.4484
2025-02-02 17:00:00,EST,21266.9349
2025-02-02 18:00:00,EST,21228.8079
2025-02-02 19:00:00,EST,20904.1642
2025-02-02 20:00:00,EST,20315.3568
2025-02-02 21:00:00,EST,19494.1218
2025-02-02 22:00:00,EST,18524.5137
2025-02-02 23:00:00,EST,17601.3089
2025-02-03 00:00:00,EST,16955.9795
2025-02-03 01:00:00,EST,16507.6763
2025-02-03 02:00:00,EST,16240.1211
2025-02-03 03:00:00,EST,16116.598699999999
2025-02-03 04:00:00,EST,16333.0035
2025-02-03 05:00:00,EST,17087.0502
2025-02-03 06:00:00,EST,18495.9178
2025-02-03 07:00:00,EST,19495.0614
2025-02-03 08:00:00,EST,19727.892
2025-02-03 09:00:00,EST,19772.2345
2025-02-03 10:00:00,EST,19612.0472
2025-02-03 11:00:00,EST,19208.892900000003
2025-02-03 12:00:00,EST,18947.1871
2025-02-03 13:00:00,EST,18653.2849
2025-02-03 14:00:00,EST,18436.7172
2025-02-03 15:00:00,EST,18841.797
2025-02-03 16:00:00,EST,19501.7184
2025-02-03 17:00:00,EST,20466.7284
2025-02-03 18:00:00,EST,20606.2108
2025-02-03 19:00:00,EST,20216.0255
2025-02-03 20:00:00,EST,19593.3265
2025-02-03 21:00:00,EST,18677.0502
2025-02-03 22:00:00,EST,17641.1263
2025-02-03 23:00:00,EST,16660.931
2025-02-04 00:00:00,EST,15963.769400000001
2025-02-04 01:00:00,EST,15516.337599999999
2025-02-04 02:00:00,EST,15264.341400000001
2025-02-04 03:00:00,EST,15172.775
2025-02-04 04:00:00,EST,15367.0835
2025-02-04 05:00:00,EST,16164.1037
2025-02-04 06:00:00,EST,17643.6321
2025-02-04 07:00:00,EST,18664.0218
2025-02-04 08:00:00,EST,18800.9648
2025-02-04 09:00:00,EST,18507.9054
2025-02-04 10:00:00,EST,17954.6807
2025-02-04 11:00:00,EST,17618.4359
2025-02-04 12:00:00,EST,17570.7088
2025-02-04 13:00:00,EST,17725.0117
2025-02-04 14:00:00,EST,17986.919
2025-02-04 15:00:00,EST,18665.3285
2025-02-04 16:00:00,EST,19677.2813
2025-02-04 17:00:00,EST,20826.6335
2025-02-04 18:00:00,EST,21107.8701
2025-02-04 19:00:00,EST,20863.2256
2025-02-04 20:00:00,EST,20417.0858
2025-02-04 21:00:00,EST,19696.5094
2025-02-04 22:00:00,EST,18696.0537
2025-02-04 23:00:00,EST,17790.9264
2025-02-05 00:00:00,EST,17069.9737
2025-02-05 01:00:00,EST,16714.463
2025-02-05 02:00:00,EST,16510.483
2025-02-05 03:00:00,EST,16454.7683
2025-02-05 04:00:00,EST,16692.694900000002
2025-02-05 05:00:00,EST,17540.5301
2025-02-05 06:00:00,EST,19092.5916
2025-02-05 07:00:00,EST,20183.1845
2025-02-05 08:00:00,EST,20164.5012
2025-02-05 09:00:00,EST,19588.0887
2025-02-05 10:00:00,EST,18764.804
2025-02-05 11:00:00,EST,18138.0806
2025-02-05 12:00:00,EST,17795.4088
2025-02-05 13:00:00,EST,17698.9746
2025-02-05 14:00:00,EST,17905.7054
2025-02-05 15:00:00,EST,18745.4095
2025-02-05 16:00:00,EST,19995.643
2025-02-05 17:00:00,EST,21197.4544
2025-02-05 18:00:00,EST,21459.6049
2025-02-05 19:00:00,EST,21216.1213
2025-02-05 20:00:00,EST,20742.452800000003
2025-02-05 21:00:00,EST,20021.3652
2025-02-05 22:00:00,EST,18996.7896
2025-02-05 23:00:00,EST,17998.2437
2025-02-06 00:00:00,EST,17469.8151
2025-02-06 01:00:00,EST,17091.6814
2025-02-06 02:00:00,EST,16808.3087
2025-02-06 03:00:00,EST,16691.8552
2025-02-06 04:00:00,EST,16888.6911
2025-02-06 05:00:00,EST,17623.2562
2025-02-06 06:00:00,EST,18891.5798
2025-02-06 07:00:00,EST,19896.7557
2025-02-06 08:00:00,EST,20498.8661
2025-02-06 09:00:00,EST,20876.460900000002
2025-02-06 10:00:00,EST,21049.788099999998
2025-02-06 11:00:00,EST,21032.422000000002
2025-02-06 12:00:00,EST,20940.5318
2025-02-06 13:00:00,EST,20721.8361
2025-02-06 14:00:00,EST,20509.8394
2025-02-06 15:00:00,EST,20500.8488
2025-02-06 16:00:00,EST,20723.729
2025-02-06 17:00:00,EST,21222.8279
2025-02-06 18:00:00,EST,21232.781
2025-02-06 19:00:00,EST,20872.446
2025-02-06 20:00:00,EST,20182.4703
2025-02-06 21:00:00,EST,19262.5497
2025-02-06 22:00:00,EST,18200.3541
2025-02-06 23:00:00,EST,17206.5528
2025-02-07 00:00:00,EST,16547.356499999998
2025-02-07 01:00:00,EST,16097.0312
2025-02-07 02:00:00,EST,15828.6819
2025-02-07 03:00:00,EST,15738.8173
2025-02-07 04:00:00,EST,15944.5817
2025-02-07 05:00:00,EST,16726.7143
2025-02-07 06:00:00,EST,18150.475899999998
2025-02-07 07:00:00,EST,19086.203999999998
2025-02-07 08:00:00,EST,19169.6445
2025-02-07 09:00:00,EST,18665.8903
2025-02-07 10:00:00,EST,18215.4799
2025-02-07 11:00:00,EST,17806.0467
2025-02-07 12:00:00,EST,17494.4829
2025-02-07 13:00:00,EST,17465.7395
2025-02-07 14:00:00,EST,17654.5487
2025-02-07 15:00:00,EST,18412.877
2025-02-07 16:00:00,EST,19624.3903
2025-02-07 17:00:00,EST,20731.3378
2025-02-07 18:00:00,EST,20980.4411
2025-02-07 19:00:00,EST,20713.4529
2025-02-07 20:00:00,EST,20284.7218
2025-02-07 21:00:00,EST,19676.291
2025-02-07 22:00:00,EST,18820.338499999998
2025-02-07 23:00:00,EST,18086.7175
2025-02-08 00:00:00,EST,17528.0181
2025-02-08 01:00:00,EST,17128.0907
2025-02-08 02:00:00,EST,16867.853
2025-02-08 03:00:00,EST,16717.1247
2025-02-08 04:00:00,EST,16758.8235
2025-02-08 05:00:00,EST,17059.0179
2025-02-08 06:00:00,EST,17617.728300000002
2025-02-08 07:00:00,EST,18149.9941
2025-02-08 08:00:00,EST,18369.6337
2025-02-08 09:00:00,EST,17922.3157
2025-02-08 10:00:00,EST,17531.8201
2025-02-08 11:00:00,EST,17418.442
2025-02-08 12:00:00,EST,17215.4734
2025-02-08 13:00:00,EST,17414.508
2025-02-08 14:00:00,EST,18019.6865
2025-02-08 15:00:00,EST,18585.7899
2025-02-08 16:00:00,EST,19331.058699999998
2025-02-08 17:00:00,EST,20082.759
2025-02-08 18:00:00,EST,20263.8396
2025-02-08 19:00:00,EST,20013.804600000003
2025-02-08 20:00:00,EST,19679.4204
2025-02-08 21:00:00,EST,19214.8682
2025-02-08 22:00:00,EST,18456.5349
2025-02-08 23:00:00,EST,17753.1876
2025-02-09 00:00:00,EST,17111.5286
2025-02-09 01:00:00,EST,16610.7825
2025-02-09 02:00:00,EST,16240.9341
2025-02-09 03:00:00,EST,16061.5231
2025-02-09 04:00:00,EST,16043.7086
2025-02-09 05:00:00,EST,16234.3341
2025-02-09 06:00:00,EST,16647.3343
2025-02-09 07:00:00,EST,17143.5383
2025-02-09 08:00:00,EST,17846.8315
2025-02-09 09:00:00,EST,18439.1733
2025-02-09 10:00:00,EST,18819.0471
2025-02-09 11:00:00,EST,19053.2992
2025-02-09 12:00:00,EST,19182.053
2025-02-09 13:00:00,EST,19247.3121
2025-02-09 14:00:00,EST,19291.4859
2025-02-09 15:00:00,EST,19422.3888
2025-02-09 16:00:00,EST,19764.3109
2025-02-09 17:00:00,EST,20468.1447
2025-02-09 18:00:00,EST,20488.1672
2025-02-09 19:00:00,EST,19870.9968
2025-02-09 20:00:00,EST,19333.1945
2025-02-09 21:00:00,EST,18756.1331
2025-02-09 22:00:00,EST,18016.406
2025-02-09 23:00:00,EST,17230.1312
2025-02-10 00:00:00,EST,16583.4453
2025-02-10 01:00:00,EST,16154.547
2025-02-10 02:00:00,EST,15948.1911
2025-02-10 03:00:00,EST,15944.4313
2025-02-10 04:00:00,EST,16251.6494
2025-02-10 05:00:00,EST,17122.1421
2025-02-10 06:00:00,EST,18451.8901
2025-02-10 07:00:00,EST,19471.804
2025-02-10 08:00:00,EST,19843.334
2025-02-10 09:00:00,EST,19787.3183
2025-02-10 10:00:00,EST,19625.3074
2025-02-10 11:00:00,EST,19445.0471
2025-02-10 12:00:00,EST,19144.6935
2025-02-10 13:00:00,EST,18832.1493
2025-02-10 14:00:00,EST,18723.1692
2025-02-10 15:00:00,EST,19113.649699999998
2025-02-10 16:00:00,EST,19987.3687
2025-02-10 17:00:00,EST,20955.5756
2025-02-10 18:00:00,EST,21288.1916
2025-02-10 19:00:00,EST,21049.5632
2025-02-10 20:00:00,EST,20567.8557
2025-02-10 21:00:00,EST,19841.7399
2025-02-10 22:00:00,EST,18778.7304
2025-02-10 23:00:00,EST,17866.8391
2025-02-11 00:00:00,EST,17329.2125
2025-02-11 01:00:00,EST,16968.7485
2025-02-11 02:00:00,EST,16783.810999999998
2025-02-11 03:00:00,EST,16775.3659
2025-02-11 04:00:00,EST,17037.8352
2025-02-11 05:00:00,EST,17839.8446
2025-02-11 06:00:00,EST,19282.4247
2025-02-11 07:00:00,EST,20285.5876
2025-02-11 08:00:00,EST,20491.941899999998
2025-02-11 09:00:00,EST,20389.6829
2025-02-11 10:00:00,EST,20017.6556
2025-02-11 11:00:00,EST,19634.5263
2025-02-11 12:00:00,EST,19314.9269
2025-02-11 13:00:00,EST,19293.0173
2025-02-11 14:00:00,EST,19529.921000000002
2025-02-11 15:00:00,EST,19937.6596
2025-02-11 16:00:00,EST,20518.9672
2025-02-11 17:00:00,EST,21250.4218
2025-02-11 18:00:00,EST,21406.9743
2025-02-11 19:00:00,EST,21126.8281
2025-02-11 20:00:00,EST,20573.854
2025-02-11 21:00:00,EST,19812.1703
2025-02-11 22:00:00,EST,18764.7751
2025-02-11 23:00:00,EST,17772.7601
2025-02-12 00:00:00,EST,17114.8019
2025-02-12 01:00:00,EST,16720.3137
2025-02-12 02:00:00,EST,16500.0175
2025-02-12 03:00:00,EST,16417.999
2025-02-12 04:00:00,EST,16646.7004
2025-02-12 05:00:00,EST,17443.2595
2025-02-12 06:00:00,EST,18881.5109
2025-02-12 07:00:00,EST,19883.5658
2025-02-12 08:00:00,EST,20215.891
2025-02-12 09:00:00,EST,20249.604900000002
2025-02-12 10:00:00,EST,20131.8606
2025-02-12 11:00:00,EST,19854.5231
2025-02-12 12:00:00,EST,19745.6923
2025-02-12 13:00:00,EST,19872.8639
2025-02-12 14:00:00,EST,19954.5502
2025-02-12 15:00:00,EST,20254.9734
2025-02-12 16:00:00,EST,20760.811999999998
2025-02-12 17:00:00,EST,21444.6604
2025-02-12 18:00:00,EST,21526.0256
2025-02-12 19:00:00,EST,21139.957
2025-02-12 20:00:00,EST,20545.510299999998
2025-02-12 21:00:00,EST,19734.6955
2025-02-12 22:00:00,EST,18658.5617
2025-02-12 23:00:00,EST,17689.9208
2025-02-13 00:00:00,EST,17086.3939
2025-02-13 01:00:00,EST,16568.4531
2025-02-13 02:00:00,EST,16193.019900000001
2025-02-13 03:00:00,EST,16012.1413
2025-02-13 04:00:00,EST,16164.0652
2025-02-13 05:00:00,EST,16858.3131
2025-02-13 06:00:00,EST,18135.7413
2025-02-13 07:00:00,EST,19070.4412
2025-02-13 08:00:00,EST,19517.967
2025-02-13 09:00:00,EST,19834.1521
2025-02-13 10:00:00,EST,19879.6575
2025-02-13 11:00:00,EST,19759.0755
2025-02-13 12:00:00,EST,19572.2287
2025-02-13 13:00:00,EST,19435.4625
2025-02-13 14:00:00,EST,19269.050199999998
2025-02-13 15:00:00,EST,19378.5265
2025-02-13 16:00:00,EST,19729.552499999998
2025-02-13 17:00:00,EST,20527.6812
2025-02-13 18:00:00,EST,20782.403299999998
2025-02-13 19:00:00,EST,20524.1337
2025-02-13 20:00:00,EST,20046.0982
2025-02-13 21:00:00,EST,19385.8843
2025-02-13 22:00:00,EST,18442.566
2025-02-13 23:00:00,EST,17601.2779
2025-02-14 00:00:00,EST,16992.732500000002
2025-02-14 01:00:00,EST,16592.5462
2025-02-14 02:00:00,EST,16380.9441
2025-02-14 03:00:00,EST,16318.806499999999
2025-02-14 04:00:00,EST,16598.241299999998
2025-02-14 05:00:00,EST,17424.3991
2025-02-14 06:00:00,EST,18799.6015
2025-02-14 07:00:00,EST,19682.5254
2025-02-14 08:00:00,EST,19487.411
2025-02-14 09:00:00,EST,18894.9693
2025-02-14 10:00:00,EST,18368.1046
2025-02-14 11:00:00,EST,17982.0591
2025-02-14 12:00:00,EST,17620.7562
2025-02-14 13:00:00,EST,17504.5385
2025-02-14 14:00:00,EST,17583.6285
2025-02-14 15:00:00,EST,18325.7926
2025-02-14 16:00:00,EST,19548.4528
2025-02-14 17:00:00,EST,20657.2516
2025-02-14 18:00:00,EST,20907.3519
2025-02-14 19:00:00,EST,20584.9692
2025-02-14 20:00:00,EST,20085.4121
2025-02-14 21:00:00,EST,19498.6352
2025-02-14 22:00:00,EST,18768.818199999998
2025-02-14 23:00:00,EST,17958.8572
2025-02-15 00:00:00,EST,17337.4351
2025-02-15 01:00:00,EST,16880.2267
2025-02-15 02:00:00,EST,16580.6204
2025-02-15 03:00:00,EST,16376.5539
2025-02-15 04:00:00,EST,16424.3
2025-02-15 05:00:00,EST,16735.1316
2025-02-15 06:00:00,EST,17325.5974
2025-02-15 07:00:00,EST,17882.0845
2025-02-15 08:00:00,EST,18202.266
2025-02-15 09:00:00,EST,18380.8491
2025-02-15 10:00:00,EST,18698.122199999998
2025-02-15 11:00:00,EST,18964.405
2025-02-15 12:00:00,EST,19180.8748
2025-02-15 13:00:00,EST,19258.6827
2025-02-15 14:00:00,EST,19427.123900000002
2025-02-15 15:00:00,EST,19692.7526
2025-02-15 16:00:00,EST,19929.0566
2025-02-15 17:00:00,EST,20420.0151
2025-02-15 18:00:00,EST,20544.5808
2025-02-15 19:00:00,EST,20207.8321
2025-02-15 20:00:00,EST,19690.9794
2025-02-15 21:00:00,EST,19008.0682
2025-02-15 22:00:00,EST,18266.328
2025-02-15 23:00:00,EST,17502.3414
2025-02-16 00:00:00,EST,16901.1691
2025-02-16 01:00:00,EST,16411.9148
2025-02-16 02:00:00,EST,16042.2891
2025-02-16 03:00:00,EST,15838.171699999999
2025-02-16 04:00:00,EST,15802.623
2025-02-16 05:00:00,EST,16013.6315
2025-02-16 06:00:00,EST,16433.9951
2025-02-16 07:00:00,EST,16962.9726
2025-02-16 08:00:00,EST,17563.7277
2025-02-16 09:00:00,EST,18147.8322
2025-02-16 10:00:00,EST,18654.7762
2025-02-16 11:00:00,EST,18962.4007
2025-02-16 12:00:00,EST,19182.65
2025-02-16 13:00:00,EST,19151.7635
2025-02-16 14:00:00,EST,18901.701399999998
2025-02-16 15:00:00,EST,18771.0644
2025-02-16 16:00:00,EST,18881.8666
2025-02-16 17:00:00,EST,19371.8583
2025-02-16 18:00:00,EST,19641.3018
2025-02-16 19:00:00,EST,19329.9395
2025-02-16 20:00:00,EST,18848.6442
2025-02-16 21:00:00,EST,18367.6803
2025-02-16 22:00:00,EST,17733.6174
2025-02-16 23:00:00,EST,17035.325
2025-02-17 00:00:00,EST,16595.1121
2025-02-17 01:00:00,EST,16336.3891
2025-02-17 02:00:00,EST,16154.4231
2025-02-17 03:00:00,EST,16149.3754
2025-02-17 04:00:00,EST,16373.5297
2025-02-17 05:00:00,EST,17018.3376
2025-02-17 06:00:00,EST,17943.081
2025-02-17 07:00:00,EST,18691.0887
2025-02-17 08:00:00,EST,19030.2155
2025-02-17 09:00:00,EST,19182.9508
2025-02-17 10:00:00,EST,19226.3892
2025-02-17 11:00:00,EST,19128.4228
2025-02-17 12:00:00,EST,18887.7209
2025-02-17 13:00:00,EST,18843.3638
2025-02-17 14:00:00,EST,18866.8592
2025-02-17 15:00:00,EST,19215.5905
2025-02-17 16:00:00,EST,20013.969100000002
2025-02-17 17:00:00,EST,21103.9425
2025-02-17 18:00:00,EST,21607.6964
2025-02-17 19:00:00,EST,21332.7271
2025-02-17 20:00:00,EST,20869.5822
2025-02-17 21:00:00,EST,20249.5349
2025-02-17 22:00:00,EST,19365.556
2025-02-17 23:00:00,EST,18538.156899999998
2025-02-18 00:00:00,EST,17952.7809
2025-02-18 01:00:00,EST,17601.384299999998
2025-02-18 02:00:00,EST,17400.0694
2025-02-18 03:00:00,EST,17395.2933
2025-02-18 04:00:00,EST,17665.837
2025-02-18 05:00:00,EST,18449.804500000002
2025-02-18 06:00:00,EST,19659.1853
2025-02-18 07:00:00,EST,20510.501
2025-02-18 08:00:00,EST,20565.5288
2025-02-18 09:00:00,EST,20149.9817
2025-02-18 10:00:00,EST,19963.7338
2025-02-18 11:00:00,EST,19754.6387
2025-02-18 12:00:00,EST,19790.2003
2025-02-18 13:00:00,EST,19637.3507
2025-02-18 14:00:00,EST,19730.2211
2025-02-18 15:00:00,EST,20249.0168
2025-02-18 16:00:00,EST,21134.1254
2025-02-18 17:00:00,EST,22189.753
2025-02-18 18:00:00,EST,22650.8653
2025-02-18 19:00:00,EST,22327.635000000002
2025-02-18 20:00:00,EST,21824.3797
2025-02-18 21:00:00,EST,21075.6464
2025-02-18 22:00:00,EST,20120.442600000002
2025-02-18 23:00:00,EST,19170.1009
2025-02-19 00:00:00,EST,18501.1341
2025-02-19 01:00:00,EST,18103.9963
2025-02-19 02:00:00,EST,17857.5392
2025-02-19 03:00:00,EST,17764.9301
2025-02-19 04:00:00,EST,17961.8605
2025-02-19 05:00:00,EST,18565.389499999997
2025-02-19 06:00:00,EST,19800.5375
2025-02-19 07:00:00,EST,20615.0545
2025-02-19 08:00:00,EST,20668.7257
2025-02-19 09:00:00,EST,20432.8473
2025-02-19 10:00:00,EST,20035.7895
2025-02-19 11:00:00,EST,19693.7601
2025-02-19 12:00:00,EST,19389.4041
2025-02-19 13:00:00,EST,19476.8777
2025-02-19 14:00:00,EST,19608.355
2025-02-19 15:00:00,EST,20010.160799999998
2025-02-19 16:00:00,EST,20780.3262
2025-02-19 17:00:00,EST,21715.886300000002
2025-02-19 18:00:00,EST,22120.1834
2025-02-19 19:00:00,EST,21791.6377
2025-02-19 20:00:00,EST,21277.2447
2025-02-19 21:00:00,EST,20597.192900000002
2025-02-19 22:00:00,EST,19624.472
2025-02-19 23:00:00,EST,18730.4902
2025-02-20 00:00:00,EST,18155.9035
2025-02-20 01:00:00,EST,17759.2627
2025-02-20 02:00:00,EST,17514.2557
2025-02-20 03:00:00,EST,17454.891499999998
2025-02-20 04:00:00,EST,17699.0107
2025-02-20 05:00:00,EST,18402.8311
2025-02-20 06:00:00,EST,19664.7254
2025-02-20 07:00:00,EST,20350.8632
2025-02-20 08:00:00,EST,20199.7895
2025-02-20 09:00:00,EST,19858.5195
2025-02-20 10:00:00,EST,19652.2952
2025-02-20 11:00:00,EST,19433.7728
2025-02-20 12:00:00,EST,19646.9277
2025-02-20 13:00:00,EST,19937.8277
2025-02-20 14:00:00,EST,20287.1737
2025-02-20 15:00:00,EST,20756.3299
2025-02-20 16:00:00,EST,21322.6909
2025-02-20 17:00:00,EST,22049.7604
2025-02-20 18:00:00,EST,22336.3997
2025-02-20 19:00:00,EST,22032.5471
2025-02-20 20:00:00,EST,21501.686599999997
2025-02-20 21:00:00,EST,20793.9735
2025-02-20 22:00:00,EST,19826.4188
2025-02-20 23:00:00,EST,18929.6725
2025-02-21 00:00:00,EST,18259.3973
2025-02-21 01:00:00,EST,17851.5945
2025-02-21 02:00:00,EST,17531.0113
2025-02-21 03:00:00,EST,17444.8694
2025-02-21 04:00:00,EST,17650.9019
2025-02-21 05:00:00,EST,18329.6305
2025-02-21 06:00:00,EST,19535.5585
2025-02-21 07:00:00,EST,20340.3595
2025-02-21 08:00:00,EST,20588.8648
2025-02-21 09:00:00,EST,20238.3399
2025-02-21 10:00:00,EST,19710.4284
2025-02-21 11:00:00,EST,19297.6339
2025-02-21 12:00:00,EST,18894.9083
2025-02-21 13:00:00,EST,18728.0011
2025-02-21 14:00:00,EST,18881.0527
2025-02-21 15:00:00,EST,19325.9517
2025-02-21 16:00:00,EST,20226.8169
2025-02-21 17:00:00,EST,21265.8507
2025-02-21 18:00:00,EST,21715.6987
2025-02-21 19:00:00,EST,21446.3285
2025-02-21 20:00:00,EST,20976.9036
2025-02-21 21:00:00,EST,20378.7442
2025-02-21 22:00:00,EST,19539.4464
2025-02-21 23:00:00,EST,18748.999900000003
2025-02-22 00:00:00,EST,18143.8452
2025-02-22 01:00:00,EST,17705.356900000002
2025-02-22 02:00:00,EST,17435.7392
2025-02-22 03:00:00,EST,17273.2992
2025-02-22 04:00:00,EST,17276.497
2025-02-22 05:00:00,EST,17539.6008
2025-02-22 06:00:00,EST,18111.8257
2025-02-22 07:00:00,EST,18346.0636
2025-02-22 08:00:00,EST,18039.1457
2025-02-22 09:00:00,EST,17513.3389
2025-02-22 10:00:00,EST,17008.9307
2025-02-22 11:00:00,EST,16588.896
2025-02-22 12:00:00,EST,16208.6844
2025-02-22 13:00:00,EST,15893.4805
2025-02-22 14:00:00,EST,15920.1665
2025-02-22 15:00:00,EST,16517.8846
2025-02-22 16:00:00,EST,17792.7737
2025-02-22 17:00:00,EST,19067.8288
2025-02-22 18:00:00,EST,19643.4659
2025-02-22 19:00:00,EST,19473.5208
2025-02-22 20:00:00,EST,19146.0927
2025-02-22 21:00:00,EST,18632.1524
2025-02-22 22:00:00,EST,17967.675199999998
2025-02-22 23:00:00,EST,17330.788099999998
2025-02-23 00:00:00,EST,16766.7328
2025-02-23 01:00:00,EST,16381.2835
2025-02-23 02:00:00,EST,16100.6738
2025-02-23 03:00:00,EST,15947.0925
2025-02-23 04:00:00,EST,15916.0456
2025-02-23 05:00:00,EST,16129.8697
2025-02-23 06:00:00,EST,16495.9671
2025-02-23 07:00:00,EST,16737.344
2025-02-23 08:00:00,EST,16605.0963
2025-02-23 09:00:00,EST,16464.631999999998
2025-02-23 10:00:00,EST,16214.8793
2025-02-23 11:00:00,EST,16021.2206
2025-02-23 12:00:00,EST,16039.5673
2025-02-23 13:00:00,EST,16192.6913
2025-02-23 14:00:00,EST,16542.3819
2025-02-23 15:00:00,EST,17261.084
2025-02-23 16:00:00,EST,18098.3582
2025-02-23 17:00:00,EST,18823.3906
2025-02-23 18:00:00,EST,19305.0383
2025-02-23 19:00:00,EST,19140.734
2025-02-23 20:00:00,EST,18704.8965
2025-02-23 21:00:00,EST,18073.1827
2025-02-23 22:00:00,EST,17249.127099999998
2025-02-23 23:00:00,EST,16457.462
2025-02-24 00:00:00,EST,15947.0013
2025-02-24 01:00:00,EST,15617.3462
2025-02-24 02:00:00,EST,15391.200499999999
2025-02-24 03:00:00,EST,15369.152
2025-02-24 04:00:00,EST,15641.7805
2025-02-24 05:00:00,EST,16463.668
2025-02-24 06:00:00,EST,17909.3732
2025-02-24 07:00:00,EST,18589.3856
2025-02-24 08:00:00,EST,18254.881699999998
2025-02-24 09:00:00,EST,17532.7629
2025-02-24 10:00:00,EST,16841.092
2025-02-24 11:00:00,EST,16482.567900000002
2025-02-24 12:00:00,EST,16389.9461
2025-02-24 13:00:00,EST,16259.7753
2025-02-24 14:00:00,EST,16693.2045
2025-02-24 15:00:00,EST,17325.8219
2025-02-24 16:00:00,EST,18327.9657
2025-02-24 17:00:00,EST,19449.1524
2025-02-24 18:00:00,EST,19994.2485
2025-02-24 19:00:00,EST,19670.581
2025-02-24 20:00:00,EST,19118.1634
2025-02-24 21:00:00,EST,18232.8964
2025-02-24 22:00:00,EST,17130.4417
2025-02-24 23:00:00,EST,16231.2876
2025-02-25 00:00:00,EST,15627.391599999999
2025-02-25 01:00:00,EST,15202.755799999999
2025-02-25 02:00:00,EST,14971.3948
2025-02-25 03:00:00,EST,14908.7097
2025-02-25 04:00:00,EST,15140.2529
2025-02-25 05:00:00,EST,15943.556400000001
2025-02-25 06:00:00,EST,17357.2445
2025-02-25 07:00:00,EST,18015.7817
2025-02-25 08:00:00,EST,17842.6862
2025-02-25 09:00:00,EST,17298.9836
2025-02-25 10:00:00,EST,16919.8941
2025-02-25 11:00:00,EST,16746.3036
2025-02-25 12:00:00,EST,16826.3417
2025-02-25 13:00:00,EST,16859.7573
2025-02-25 14:00:00,EST,17247.0649
2025-02-25 15:00:00,EST,17689.3468
2025-02-25 16:00:00,EST,18261.2577
2025-02-25 17:00:00,EST,18941.6881
2025-02-25 18:00:00,EST,19287.5443
2025-02-25 19:00:00,EST,19017.7262
2025-02-25 20:00:00,EST,18514.470699999998
2025-02-25 21:00:00,EST,17801.2537
2025-02-25 22:00:00,EST,16865.1754
2025-02-25 23:00:00,EST,15965.1506
2025-02-26 00:00:00,EST,15362.8033
2025-02-26 01:00:00,EST,14949.5239
2025-02-26 02:00:00,EST,14663.430199999999
2025-02-26 03:00:00,EST,14598.071199999998
2025-02-26 04:00:00,EST,14842.7673
2025-02-26 05:00:00,EST,15672.6112
2025-02-26 06:00:00,EST,17079.192900000002
2025-02-26 07:00:00,EST,17541.0162
2025-02-26 08:00:00,EST,16766.3908
2025-02-26 09:00:00,EST,15866.0272
2025-02-26 10:00:00,EST,15303.538700000001
2025-02-26 11:00:00,EST,14994.459499999999
2025-02-26 12:00:00,EST,14861.878400000001
2025-02-26 13:00:00,EST,15166.7319
2025-02-26 14:00:00,EST,15580.1187
2025-02-26 15:00:00,EST,16305.974
2025-02-26 16:00:00,EST,17198.0636
2025-02-26 17:00:00,EST,18207.9037
2025-02-26 18:00:00,EST,18764.8154
2025-02-26 19:00:00,EST,18707.8731
2025-02-26 20:00:00,EST,18251.1625
2025-02-26 21:00:00,EST,17557.236399999998
2025-02-26 22:00:00,EST,16627.316
2025-02-26 23:00:00,EST,15688.4021
2025-02-27 00:00:00,EST,14897.284099999999
2025-02-27 01:00:00,EST,14513.4198
2025-02-27 02:00:00,EST,14401.0229
2025-02-27 03:00:00,EST,14435.5396
2025-02-27 04:00:00,EST,14650.1342
2025-02-27 05:00:00,EST,15437.122299999999
2025-02-27 06:00:00,EST,16834.8697
2025-02-27 07:00:00,EST,17761.6486
2025-02-27 08:00:00,EST,18215.1735
2025-02-27 09:00:00,EST,18262.627800000002
2025-02-27 10:00:00,EST,18294.457000000002
2025-02-27 11:00:00,EST,18217.7474
2025-02-27 12:00:00,EST,18068.5435
2025-02-27 13:00:00,EST,18129.0124
2025-02-27 14:00:00,EST,18000.2062
2025-02-27 15:00:00,EST,18254.6779
2025-02-27 16:00:00,EST,18667.1879
2025-02-27 17:00:00,EST,19124.8219
2025-02-27 18:00:00,EST,19353.9637
2025-02-27 19:00:00,EST,19045.3571
2025-02-27 20:00:00,EST,18498.7551
2025-02-27 21:00:00,EST,17723.4312
2025-02-27 22:00:00,EST,16805.2682
2025-02-27 23:00:00,EST,15905.0237
2025-02-28 00:00:00,EST,15299.7358
2025-02-28 01:00:00,EST,14874.321
2025-02-28 02:00:00,EST,14633.137700000001
2025-02-28 03:00:00,EST,14614.3386
2025-02-28 04:00:00,EST,14894.8501
2025-02-28 05:00:00,EST,15742.643199999999
2025-02-28 06:00:00,EST,17116.8365
2025-02-28 07:00:00,EST,17578.495
2025-02-28 08:00:00,EST,17065.5693
2025-02-28 09:00:00,EST,16404.5748
2025-02-28 10:00:00,EST,15822.3673
2025-02-28 11:00:00,EST,15422.824
2025-02-28 12:00:00,EST,15175.8642
2025-02-28 13:00:00,EST,15322.4624
2025-02-28 14:00:00,EST,15879.6431
2025-02-28 15:00:00,EST,16742.0359
2025-02-28 16:00:00,EST,17821.5587
2025-02-28 17:00:00,EST,18605.7836
2025-02-28 18:00:00,EST,18930.730199999998
2025-02-28 19:00:00,EST,18641.7957
2025-02-28 20:00:00,EST,18190.0636
2025-02-28 21:00:00,EST,17606.7962
2025-02-28 22:00:00,EST,16802.613400000002
2025-02-28 23:00:00,EST,15977.2093
2025-03-01 00:00:00,EST,15344.4297
2025-03-01 01:00:00,EST,14923.6184
2025-03-01 02:00:00,EST,14581.9272
2025-03-01 03:00:00,EST,14440.3949
2025-03-01 04:00:00,EST,14485.7712
2025-03-01 05:00:00,EST,14764.998599999999
2025-03-01 06:00:00,EST,15278.1651
2025-03-01 07:00:00,EST,15710.5883
2025-03-01 08:00:00,EST,15944.9585
2025-03-01 09:00:00,EST,15751.6356
2025-03-01 10:00:00,EST,15695.3733
2025-03-01 11:00:00,EST,15601.089
2025-03-01 12:00:00,EST,15575.8924
2025-03-01 13:00:00,EST,15613.5037
2025-03-01 14:00:00,EST,16019.1634
2025-03-01 15:00:00,EST,16428.1795
2025-03-01 16:00:00,EST,17091.8968
2025-03-01 17:00:00,EST,18159.4451
2025-03-01 18:00:00,EST,18799.5261
2025-03-01 19:00:00,EST,18804.7532
2025-03-01 20:00:00,EST,18619.2003
2025-03-01 21:00:00,EST,18361.226
2025-03-01 22:00:00,EST,17849.7358
2025-03-01 23:00:00,EST,17276.3089
2025-03-02 00:00:00,EST,16823.480900000002
2025-03-02 01:00:00,EST,16484.7509
2025-03-02 02:00:00,EST,16297.1576
2025-03-02 03:00:00,EST,16243.1121
2025-03-02 04:00:00,EST,16387.4961
2025-03-02 05:00:00,EST,16699.0261
2025-03-02 06:00:00,EST,17149.5445
2025-03-02 07:00:00,EST,17210.565899999998
2025-03-02 08:00:00,EST,16887.6081
2025-03-02 09:00:00,EST,16404.1259
2025-03-02 10:00:00,EST,16121.861700000001
2025-03-02 11:00:00,EST,15957.931
2025-03-02 12:00:00,EST,15811.1438
2025-03-02 13:00:00,EST,15837.1049
2025-03-02 14:00:00,EST,16165.4898
2025-03-02 15:00:00,EST,16958.0664
2025-03-02 16:00:00,EST,18315.7678
2025-03-02 17:00:00,EST,19720.6958
2025-03-02 18:00:00,EST,20381.0388
2025-03-02 19:00:00,EST,20292.9002
2025-03-02 20:00:00,EST,19966.9189
2025-03-02 21:00:00,EST,19341.751800000002
2025-03-02 22:00:00,EST,18491.1274
2025-03-02 23:00:00,EST,17653.1526
2025-03-03 00:00:00,EST,17102.8507
2025-03-03 01:00:00,EST,16763.4517
2025-03-03 02:00:00,EST,16570.8276
2025-03-03 03:00:00,EST,16543.5646
2025-03-03 04:00:00,EST,16875.1075
2025-03-03 05:00:00,EST,17736.7398
2025-03-03 06:00:00,EST,19065.525999999998
2025-03-03 07:00:00,EST,19428.5427
2025-03-03 08:00:00,EST,18630.2413
2025-03-03 09:00:00,EST,17747.9906
2025-03-03 10:00:00,EST,17135.7465
2025-03-03 11:00:00,EST,16675.0869
2025-03-03 12:00:00,EST,16359.398000000001
2025-03-03 13:00:00,EST,16310.9066
2025-03-03 14:00:00,EST,16524.457
2025-03-03 15:00:00,EST,17176.5033
2025-03-03 16:00:00,EST,18470.97
2025-03-03 17:00:00,EST,19942.1921
2025-03-03 18:00:00,EST,20651.5971
2025-03-03 19:00:00,EST,20493.3845
2025-03-03 20:00:00,EST,19985.1535
2025-03-03 21:00:00,EST,19145.0423
2025-03-03 22:00:00,EST,18213.551
2025-03-03 23:00:00,EST,17204.1343
2025-03-04 00:00:00,EST,16576.232
2025-03-04 01:00:00,EST,16203.2083
2025-03-04 02:00:00,EST,15944.407299999999
2025-03-04 03:00:00,EST,15881.092900000001
2025-03-04 04:00:00,EST,16138.692200000001
2025-03-04 05:00:00,EST,16899.5296
2025-03-04 06:00:00,EST,18141.0961
2025-03-04 07:00:00,EST,18907.5812
2025-03-04 08:00:00,EST,18966.5118
2025-03-04 09:00:00,EST,18476.2562
2025-03-04 10:00:00,EST,17761.0285
2025-03-04 11:00:00,EST,17296.274
2025-03-04 12:00:00,EST,17106.4814
2025-03-04 13:00:00,EST,17282.9181
2025-03-04 14:00:00,EST,17154.8953
2025-03-04 15:00:00,EST,17266.1119
2025-03-04 16:00:00,EST,17818.9451
2025-03-04 17:00:00,EST,18774.3242
2025-03-04 18:00:00,EST,19404.9529
2025-03-04 19:00:00,EST,19155.8085
2025-03-04 20:00:00,EST,18591.6116
2025-03-04 21:00:00,EST,17773.9924
2025-03-04 22:00:00,EST,16834.454999999998
2025-03-04 23:00:00,EST,15926.2121
2025-03-05 00:00:00,EST,15217.0314
2025-03-05 01:00:00,EST,14770.2938
2025-03-05 02:00:00,EST,14504.0276
2025-03-05 03:00:00,EST,14397.3978
2025-03-05 04:00:00,EST,14626.6809
2025-03-05 05:00:00,EST,15384.0548
2025-03-05 06:00:00,EST,16699.4497
2025-03-05 07:00:00,EST,17559.6261
2025-03-05 08:00:00,EST,17940.893799999998
2025-03-05 09:00:00,EST,17971.8154
2025-03-05 10:00:00,EST,17830.6979
2025-03-05 11:00:00,EST,17753.3148
2025-03-05 12:00:00,EST,17800.437299999998
2025-03-05 13:00:00,EST,17898.0636
2025-03-05 14:00:00,EST,17674.5007
2025-03-05 15:00:00,EST,17732.3215
2025-03-05 16:00:00,EST,18264.1711
2025-03-05 17:00:00,EST,18820.3663
2025-03-05 18:00:00,EST,19015.2764
2025-03-05 19:00:00,EST,18669.7534
2025-03-05 20:00:00,EST,18060.1012
2025-03-05 21:00:00,EST,17238.1319
2025-03-05 22:00:00,EST,16218.5011
2025-03-05 23:00:00,EST,15297.7477
2025-03-06 00:00:00,EST,14656.236
2025-03-06 01:00:00,EST,14173.222
2025-03-06 02:00:00,EST,13898.1329
2025-03-06 03:00:00,EST,13808.7408
2025-03-06 04:00:00,EST,14046.546900000001
2025-03-06 05:00:00,EST,14834.8254
2025-03-06 06:00:00,EST,16158.1067
2025-03-06 07:00:00,EST,16917.5977
2025-03-06 08:00:00,EST,17155.3907
2025-03-06 09:00:00,EST,17063.3252
2025-03-06 10:00:00,EST,16803.2052
2025-03-06 11:00:00,EST,16637.433100000002
2025-03-06 12:00:00,EST,16708.7777
2025-03-06 13:00:00,EST,17098.6419
2025-03-06 14:00:00,EST,17387.0386
2025-03-06 15:00:00,EST,17847.591
2025-03-06 16:00:00,EST,18517.2871
2025-03-06 17:00:00,EST,19223.7331
2025-03-06 18:00:00,EST,19629.6683
2025-03-06 19:00:00,EST,19452.5386
2025-03-06 20:00:00,EST,19014.3699
2025-03-06 21:00:00,EST,18346.4191
2025-03-06 22:00:00,EST,17478.3717
2025-03-06 23:00:00,EST,16611.7016
2025-03-07 00:00:00,EST,16071.778
2025-03-07 01:00:00,EST,15706.4728
2025-03-07 02:00:00,EST,15493.8039
2025-03-07 03:00:00,EST,15425.1972
2025-03-07 04:00:00,EST,15662.3506
2025-03-07 05:00:00,EST,16418.5055
2025-03-07 06:00:00,EST,17692.3314
2025-03-07 07:00:00,EST,18113.9842
2025-03-07 08:00:00,EST,17651.5627
2025-03-07 09:00:00,EST,17154.9538
2025-03-07 10:00:00,EST,16913.304
2025-03-07 11:00:00,EST,16536.0579
2025-03-07 12:00:00,EST,16023.6043
2025-03-07 13:00:00,EST,15699.3914
2025-03-07 14:00:00,EST,15645.1093
2025-03-07 15:00:00,EST,16037.704
2025-03-07 16:00:00,EST,17258.7795
2025-03-07 17:00:00,EST,18661.6177
2025-03-07 18:00:00,EST,19166.0676
2025-03-07 19:00:00,EST,19012.653
2025-03-07 20:00:00,EST,18544.552
2025-03-07 21:00:00,EST,17909.4993
2025-03-07 22:00:00,EST,17044.7281
2025-03-07 23:00:00,EST,16203.1127
2025-03-08 00:00:00,EST,15575.8053
2025-03-08 01:00:00,EST,15162.8428
2025-03-08 02:00:00,EST,14947.8214
2025-03-08 03:00:00,EST,14773.680199999999
2025-03-08 04:00:00,EST,14880.7611
2025-03-08 05:00:00,EST,15280.428800000002
2025-03-08 06:00:00,EST,15823.0646
2025-03-08 07:00:00,EST,16050.8787
2025-03-08 08:00:00,EST,15726.3005
2025-03-08 09:00:00,EST,15103.4259
2025-03-08 10:00:00,EST,14823.6171
2025-03-08 11:00:00,EST,14321.9827
2025-03-08 12:00:00,EST,14117.932499999999
2025-03-08 13:00:00,EST,13990.4837
2025-03-08 14:00:00,EST,14118.903
2025-03-08 15:00:00,EST,14697.041000000001
2025-03-08 16:00:00,EST,16077.1669
2025-03-08 17:00:00,EST,17704.1351
2025-03-08 18:00:00,EST,18560.7198
2025-03-08 19:00:00,EST,18558.9486
2025-03-08 20:00:00,EST,18208.04
2025-03-08 21:00:00,EST,17790.0049
2025-03-08 22:00:00,EST,17165.555
2025-03-08 23:00:00,EST,16487.3199
2025-03-09 00:00:00,EST,15927.1361
2025-03-09 01:00:00,EST,15514.7901
2025-03-09 03:00:00,EDT,15276.7324
2025-03-09 04:00:00,EDT,15213.968100000002
2025-03-09 05:00:00,EDT,15375.6224
2025-03-09 06:00:00,EDT,15683.9784
2025-03-09 07:00:00,EDT,16022.3483
2025-03-09 08:00:00,EDT,15943.1281
2025-03-09 09:00:00,EDT,15664.4136
2025-03-09 10:00:00,EDT,15456.8806
2025-03-09 11:00:00,EDT,15270.4389
2025-03-09 12:00:00,EDT,15137.126699999999
2025-03-09 13:00:00,EDT,14535.123899999999
2025-03-09 14:00:00,EDT,14199.7435
2025-03-09 15:00:00,EDT,14100.7871
2025-03-09 16:00:00,EDT,14378.1361
2025-03-09 17:00:00,EDT,15783.6585
2025-03-09 18:00:00,EDT,17221.351
2025-03-09 19:00:00,EDT,17973.3075
2025-03-09 20:00:00,EDT,17820.5717
2025-03-09 21:00:00,EDT,17273.0083
2025-03-09 22:00:00,EDT,16467.4656
2025-03-09 23:00:00,EDT,15598.983
2025-03-10 00:00:00,EDT,14938.097
2025-03-10 01:00:00,EDT,14493.0475
2025-03-10 02:00:00,EDT,14219.4061
2025-03-10 03:00:00,EDT,14129.9309
2025-03-10 04:00:00,EDT,14446.295900000001
2025-03-10 05:00:00,EDT,15280.0991
2025-03-10 06:00:00,EDT,16724.2013
2025-03-10 07:00:00,EDT,17780.3804
2025-03-10 08:00:00,EDT,17350.083
2025-03-10 09:00:00,EDT,15938.9967
2025-03-10 10:00:00,EDT,14882.5351
2025-03-10 11:00:00,EDT,14312.8645
2025-03-10 12:00:00,EDT,13848.6
2025-03-10 13:00:00,EDT,13598.6786
2025-03-10 14:00:00,EDT,13484.2316
2025-03-10 15:00:00,EDT,13697.4625
2025-03-10 16:00:00,EDT,14390.684799999999
2025-03-10 17:00:00,EDT,15634.8541
2025-03-10 18:00:00,EDT,16958.8972
2025-03-10 19:00:00,EDT,17624.6611
2025-03-10 20:00:00,EDT,17399.1067
2025-03-10 21:00:00,EDT,16772.1396
2025-03-10 22:00:00,EDT,15859.5008
2025-03-10 23:00:00,EDT,15001.6964
2025-03-11 00:00:00,EDT,14361.7409
2025-03-11 01:00:00,EDT,14004.637499999999
2025-03-11 02:00:00,EDT,13830.687600000001
2025-03-11 03:00:00,EDT,13770.1707
2025-03-11 04:00:00,EDT,14043.9151
2025-03-11 05:00:00,EDT,14866.1548
2025-03-11 06:00:00,EDT,16350.0705
2025-03-11 07:00:00,EDT,17310.6621
2025-03-11 08:00:00,EDT,16869.1664
2025-03-11 09:00:00,EDT,15485.570300000001
2025-03-11 10:00:00,EDT,14376.1195
2025-03-11 11:00:00,EDT,13733.7494
2025-03-11 12:00:00,EDT,13350.9533
2025-03-11 13:00:00,EDT,13290.7546
2025-03-11 14:00:00,EDT,13237.2273
2025-03-11 15:00:00,EDT,13530.176
2025-03-11 16:00:00,EDT,14383.2356
2025-03-11 17:00:00,EDT,15619.5946
2025-03-11 18:00:00,EDT,16707.0709
2025-03-11 19:00:00,EDT,17361.6271
2025-03-11 20:00:00,EDT,17177.7559
2025-03-11 21:00:00,EDT,16593.3137
2025-03-11 22:00:00,EDT,15713.514000000001
2025-03-11 23:00:00,EDT,14868.6616
2025-03-12 00:00:00,EDT,14204.4035
2025-03-12 01:00:00,EDT,13810.2818
2025-03-12 02:00:00,EDT,13601.2653
2025-03-12 03:00:00,EDT,13588.52
2025-03-12 04:00:00,EDT,13883.4547
2025-03-12 05:00:00,EDT,14760.3922
2025-03-12 06:00:00,EDT,16257.958900000001
2025-03-12 07:00:00,EDT,17313.0397
2025-03-12 08:00:00,EDT,17034.2093
2025-03-12 09:00:00,EDT,15976.3396
2025-03-12 10:00:00,EDT,15145.3057
2025-03-12 11:00:00,EDT,14825.4274
2025-03-12 12:00:00,EDT,14895.9657
2025-03-12 13:00:00,EDT,15029.1222
2025-03-12 14:00:00,EDT,15421.6736
2025-03-12 15:00:00,EDT,16068.171900000001
2025-03-12 16:00:00,EDT,16822.1397
2025-03-12 17:00:00,EDT,17431.278
2025-03-12 18:00:00,EDT,17893.6303
2025-03-12 19:00:00,EDT,18352.4114
2025-03-12 20:00:00,EDT,18120.7372
2025-03-12 21:00:00,EDT,17485.4063
2025-03-12 22:00:00,EDT,16505.3757
2025-03-12 23:00:00,EDT,15612.4138
2025-03-13 00:00:00,EDT,14944.4498
2025-03-13 01:00:00,EDT,14555.149300000001
2025-03-13 02:00:00,EDT,14315.012299999999
2025-03-13 03:00:00,EDT,14251.7616
2025-03-13 04:00:00,EDT,14508.1101
2025-03-13 05:00:00,EDT,15340.6557
2025-03-13 06:00:00,EDT,16788.9768
2025-03-13 07:00:00,EDT,17737.2229
2025-03-13 08:00:00,EDT,17388.969
2025-03-13 09:00:00,EDT,16297.4897
2025-03-13 10:00:00,EDT,15236.7971
2025-03-13 11:00:00,EDT,14584.2196
2025-03-13 12:00:00,EDT,14213.2101
2025-03-13 13:00:00,EDT,14032.3956
2025-03-13 14:00:00,EDT,13835.5512
2025-03-13 15:00:00,EDT,13936.323499999999
2025-03-13 16:00:00,EDT,14761.6699
2025-03-13 17:00:00,EDT,16088.7517
2025-03-13 18:00:00,EDT,17137.7726
2025-03-13 19:00:00,EDT,17849.8892
2025-03-13 20:00:00,EDT,17706.9358
2025-03-13 21:00:00,EDT,17151.1803
2025-03-13 22:00:00,EDT,16283.001900000001
2025-03-13 23:00:00,EDT,15422.4809
2025-03-14 00:00:00,EDT,14807.9874
2025-03-14 01:00:00,EDT,14403.371
2025-03-14 02:00:00,EDT,14171.3805
2025-03-14 03:00:00,EDT,14068.3751
2025-03-14 04:00:00,EDT,14305.7243
2025-03-14 05:00:00,EDT,15075.8411
2025-03-14 06:00:00,EDT,16475.6502
2025-03-14 07:00:00,EDT,17428.395
2025-03-14 08:00:00,EDT,17077.347
2025-03-14 09:00:00,EDT,16000.3853
2025-03-14 10:00:00,EDT,14968.7392
2025-03-14 11:00:00,EDT,14189.6143
2025-03-14 12:00:00,EDT,13706.9371
2025-03-14 13:00:00,EDT,13405.3937
2025-03-14 14:00:00,EDT,13202.872800000001
2025-03-14 15:00:00,EDT,13377.4105
2025-03-14 16:00:00,EDT,14107.8359
2025-03-14 17:00:00,EDT,15360.6562
2025-03-14 18:00:00,EDT,16342.530200000001
2025-03-14 19:00:00,EDT,16911.7196
2025-03-14 20:00:00,EDT,16757.8355
2025-03-14 21:00:00,EDT,16271.4308
2025-03-14 22:00:00,EDT,15590.9051
2025-03-14 23:00:00,EDT,14786.2799
2025-03-15 00:00:00,EDT,14189.1603
2025-03-15 01:00:00,EDT,13746.2672
2025-03-15 02:00:00,EDT,13447.464100000001
2025-03-15 03:00:00,EDT,13312.3748
2025-03-15 04:00:00,EDT,13347.3285
2025-03-15 05:00:00,EDT,13630.9354
2025-03-15 06:00:00,EDT,14187.737700000001
2025-03-15 07:00:00,EDT,14782.1138
2025-03-15 08:00:00,EDT,14943.0764
2025-03-15 09:00:00,EDT,14902.4229
2025-03-15 10:00:00,EDT,14869.2919
2025-03-15 11:00:00,EDT,14708.3579
2025-03-15 12:00:00,EDT,14484.720000000001
2025-03-15 13:00:00,EDT,14287.3788
2025-03-15 14:00:00,EDT,14364.608
2025-03-15 15:00:00,EDT,14679.9113
2025-03-15 16:00:00,EDT,15048.0571
2025-03-15 17:00:00,EDT,15518.658
2025-03-15 18:00:00,EDT,16151.7362
2025-03-15 19:00:00,EDT,16571.8267
2025-03-15 20:00:00,EDT,16411.5543
2025-03-15 21:00:00,EDT,16000.065400000001
2025-03-15 22:00:00,EDT,15304.9615
2025-03-15 23:00:00,EDT,14618.823
2025-03-16 00:00:00,EDT,13981.0651
2025-03-16 01:00:00,EDT,13454.104299999999
2025-03-16 02:00:00,EDT,13039.3841
2025-03-16 03:00:00,EDT,12918.4035
2025-03-16 04:00:00,EDT,12892.8067
2025-03-16 05:00:00,EDT,13059.592
2025-03-16 06:00:00,EDT,13542.1504
2025-03-16 07:00:00,EDT,13950.5932
2025-03-16 08:00:00,EDT,14448.2741
2025-03-16 09:00:00,EDT,14775.0079
2025-03-16 10:00:00,EDT,14817.4385
2025-03-16 11:00:00,EDT,14805.6425
2025-03-16 12:00:00,EDT,14904.5899
2025-03-16 13:00:00,EDT,15007.4471
2025-03-16 14:00:00,EDT,15067.4421
2025-03-16 15:00:00,EDT,15378.668099999999
2025-03-16 16:00:00,EDT,15466.4123
2025-03-16 17:00:00,EDT,15816.260699999999
2025-03-16 18:00:00,EDT,16127.4451
2025-03-16 19:00:00,EDT,16424.305200000003
2025-03-16 20:00:00,EDT,16183.9859
2025-03-16 21:00:00,EDT,15621.735200000001
2025-03-16 22:00:00,EDT,14849.2721
2025-03-16 23:00:00,EDT,14054.5509
2025-03-17 00:00:00,EDT,13476.296999999999
2025-03-17 01:00:00,EDT,13078.6102
2025-03-17 02:00:00,EDT,12882.8804
2025-03-17 03:00:00,EDT,12810.412
2025-03-17 04:00:00,EDT,13030.3649
2025-03-17 05:00:00,EDT,13804.2878
2025-03-17 06:00:00,EDT,15197.4224
2025-03-17 07:00:00,EDT,16365.0926
2025-03-17 08:00:00,EDT,16896.0624
2025-03-17 09:00:00,EDT,17154.9385
2025-03-17 10:00:00,EDT,17290.5955
2025-03-17 11:00:00,EDT,17210.5285
2025-03-17 12:00:00,EDT,16964.5986
2025-03-17 13:00:00,EDT,16889.274400000002
2025-03-17 14:00:00,EDT,16688.8167
2025-03-17 15:00:00,EDT,16684.8752
2025-03-17 16:00:00,EDT,16717.7602
2025-03-17 17:00:00,EDT,17108.8976
2025-03-17 18:00:00,EDT,17626.505
2025-03-17 19:00:00,EDT,18151.3446
2025-03-17 20:00:00,EDT,17951.8977
2025-03-17 21:00:00,EDT,17352.3593
2025-03-17 22:00:00,EDT,16417.003
2025-03-17 23:00:00,EDT,15564.681199999999
2025-03-18 00:00:00,EDT,15001.3193
2025-03-18 01:00:00,EDT,14588.3272
2025-03-18 02:00:00,EDT,14372.338099999999
2025-03-18 03:00:00,EDT,14350.056799999998
2025-03-18 04:00:00,EDT,14642.9713
2025-03-18 05:00:00,EDT,15487.4821
2025-03-18 06:00:00,EDT,16907.304799999998
2025-03-18 07:00:00,EDT,17867.291
2025-03-18 08:00:00,EDT,17137.604199999998
2025-03-18 09:00:00,EDT,15830.3032
2025-03-18 10:00:00,EDT,14822.5653
2025-03-18 11:00:00,EDT,14227.3773
2025-03-18 12:00:00,EDT,13838.0811
2025-03-18 13:00:00,EDT,13586.0661
2025-03-18 14:00:00,EDT,13371.8421
2025-03-18 15:00:00,EDT,13456.5183
2025-03-18 16:00:00,EDT,14130.1026
2025-03-18 17:00:00,EDT,15367.1411
2025-03-18 18:00:00,EDT,16564.6758
2025-03-18 19:00:00,EDT,17314.7578
2025-03-18 20:00:00,EDT,17179.622
2025-03-18 21:00:00,EDT,16578.664
2025-03-18 22:00:00,EDT,15705.1703
2025-03-18 23:00:00,EDT,14782.2988
2025-03-19 00:00:00,EDT,14155.2051
2025-03-19 01:00:00,EDT,13781.1562
2025-03-19 02:00:00,EDT,13556.2132
2025-03-19 03:00:00,EDT,13502.163700000001
2025-03-19 04:00:00,EDT,13769.4656
2025-03-19 05:00:00,EDT,14604.1796
2025-03-19 06:00:00,EDT,16012.9936
2025-03-19 07:00:00,EDT,16781.1956
2025-03-19 08:00:00,EDT,16032.7525
2025-03-19 09:00:00,EDT,14945.3005
2025-03-19 10:00:00,EDT,14277.336
2025-03-19 11:00:00,EDT,13672.4416
2025-03-19 12:00:00,EDT,13309.546199999999
2025-03-19 13:00:00,EDT,13200.9403
2025-03-19 14:00:00,EDT,13219.006000000001
2025-03-19 15:00:00,EDT,13566.145400000001
2025-03-19 16:00:00,EDT,14542.103799999999
2025-03-19 17:00:00,EDT,15705.5348
2025-03-19 18:00:00,EDT,16457.4446
2025-03-19 19:00:00,EDT,16968.1803
2025-03-19 20:00:00,EDT,16756.6161
2025-03-19 21:00:00,EDT,16104.6579
2025-03-19 22:00:00,EDT,15158.0248
2025-03-19 23:00:00,EDT,14247.5797
2025-03-20 00:00:00,EDT,13617.9084
2025-03-20 01:00:00,EDT,13225.3691
2025-03-20 02:00:00,EDT,12973.6108
2025-03-20 03:00:00,EDT,12899.343499999999
2025-03-20 04:00:00,EDT,13092.2582
2025-03-20 05:00:00,EDT,13851.9722
2025-03-20 06:00:00,EDT,15270.9441
2025-03-20 07:00:00,EDT,16176.3861
2025-03-20 08:00:00,EDT,16255.263900000002
2025-03-20 09:00:00,EDT,15869.1672
2025-03-20 10:00:00,EDT,15536.8248
2025-03-20 11:00:00,EDT,15320.3573
2025-03-20 12:00:00,EDT,15044.0186
2025-03-20 13:00:00,EDT,14995.5746
2025-03-20 14:00:00,EDT,15045.7004
2025-03-20 15:00:00,EDT,15419.193700000002
2025-03-20 16:00:00,EDT,15882.9448
2025-03-20 17:00:00,EDT,16674.7058
2025-03-20 18:00:00,EDT,17100.1876
2025-03-20 19:00:00,EDT,17497.2774
2025-03-20 20:00:00,EDT,17217.081
2025-03-20 21:00:00,EDT,16551.3205
2025-03-20 22:00:00,EDT,15629.7737
2025-03-20 23:00:00,EDT,14757.895499999999
2025-03-21 00:00:00,EDT,14068.8592
2025-03-21 01:00:00,EDT,13671.609400000001
2025-03-21 02:00:00,EDT,13403.9316
2025-03-21 03:00:00,EDT,13385.169100000001
2025-03-21 04:00:00,EDT,13631.9375
2025-03-21 05:00:00,EDT,14488.553
2025-03-21 06:00:00,EDT,15930.556999999999
2025-03-21 07:00:00,EDT,16944.2367
2025-03-21 08:00:00,EDT,16650.733200000002
2025-03-21 09:00:00,EDT,15596.6458
2025-03-21 10:00:00,EDT,14796.051399999998
2025-03-21 11:00:00,EDT,14257.5804
2025-03-21 12:00:00,EDT,13869.802
2025-03-21 13:00:00,EDT,13720.0116
2025-03-21 14:00:00,EDT,13488.341199999999
2025-03-21 15:00:00,EDT,13524.7418
2025-03-21 16:00:00,EDT,14090.787
2025-03-21 17:00:00,EDT,15309.1547
2025-03-21 18:00:00,EDT,16535.789800000002
2025-03-21 19:00:00,EDT,17370.9354
2025-03-21 20:00:00,EDT,17272.0226
2025-03-21 21:00:00,EDT,16745.0161
2025-03-21 22:00:00,EDT,16065.518
2025-03-21 23:00:00,EDT,15285.4572
2025-03-22 00:00:00,EDT,14678.4812
2025-03-22 01:00:00,EDT,14248.1846
2025-03-22 02:00:00,EDT,13996.005700000002
2025-03-22 03:00:00,EDT,13882.9823
2025-03-22 04:00:00,EDT,13903.5972
2025-03-22 05:00:00,EDT,14160.5846
2025-03-22 06:00:00,EDT,14630.2583
2025-03-22 07:00:00,EDT,15028.6692
2025-03-22 08:00:00,EDT,14944.3322
2025-03-22 09:00:00,EDT,14531.7729
2025-03-22 10:00:00,EDT,14006.9144
2025-03-22 11:00:00,EDT,13780.588899999999
2025-03-22 12:00:00,EDT,13713.5356
2025-03-22 13:00:00,EDT,13911.592499999999
2025-03-22 14:00:00,EDT,14363.4624
2025-03-22 15:00:00,EDT,14539.2048
2025-03-22 16:00:00,EDT,14669.502
2025-03-22 17:00:00,EDT,15293.7391
2025-03-22 18:00:00,EDT,16003.9916
2025-03-22 19:00:00,EDT,16632.2654
2025-03-22 20:00:00,EDT,16654.8592
2025-03-22 21:00:00,EDT,16312.8318
2025-03-22 22:00:00,EDT,15820.2787
2025-03-22 23:00:00,EDT,15233.2585
2025-03-23 00:00:00,EDT,14754.5462
2025-03-23 01:00:00,EDT,14423.926
2025-03-23 02:00:00,EDT,14188.4363
2025-03-23 03:00:00,EDT,14110.540500000001
2025-03-23 04:00:00,EDT,14218.669600000001
2025-03-23 05:00:00,EDT,14500.0013
2025-03-23 06:00:00,EDT,15007.6573
2025-03-23 07:00:00,EDT,15328.8394
2025-03-23 08:00:00,EDT,14881.162
2025-03-23 09:00:00,EDT,13996.2088
2025-03-23 10:00:00,EDT,13339.0381
2025-03-23 11:00:00,EDT,13004.5522
2025-03-23 12:00:00,EDT,12772.9044
2025-03-23 13:00:00,EDT,12609.453599999999
2025-03-23 14:00:00,EDT,12594.4102
2025-03-23 15:00:00,EDT,12979.841900000001
2025-03-23 16:00:00,EDT,14028.8964
2025-03-23 17:00:00,EDT,15432.572
2025-03-23 18:00:00,EDT,16662.6293
2025-03-23 19:00:00,EDT,17433.262600000002
2025-03-23 20:00:00,EDT,17409.195200000002
2025-03-23 21:00:00,EDT,16814.6879
2025-03-23 22:00:00,EDT,15968.3282
2025-03-23 23:00:00,EDT,15150.5621
